{"cameraMode":{"drawMode":0,"name":"Shaded","section":"Shading Mode"},"sceneLighting":false,"audioPlay":false,"sceneViewState":{"showFog":false,"showMaterialUpdate":false,"showSkybox":false,"showFlares":false,"showImageEffects":false,"showParticleSystems":false},"in2DMode":false,"pivot":{"x":9.000086784362793,"y":1.0119457244873047,"z":3.0000040531158449},"rotation":{"x":0.6942644715309143,"y":0.001079581561498344,"z":-0.001041404902935028,"w":0.7197185158729553},"size":3.4930641651153566,"orthographic":false}