{"cameraMode":{"drawMode":0,"name":"Shaded","section":"Shading Mode"},"sceneLighting":false,"audioPlay":false,"sceneViewState":{"showFog":false,"showMaterialUpdate":false,"showSkybox":false,"showFlares":false,"showImageEffects":false,"showParticleSystems":false},"in2DMode":false,"pivot":{"x":8.900565147399903,"y":5.737588882446289,"z":-2.5693540573120119},"rotation":{"x":0.5957655906677246,"y":-0.21613377332687379,"z":0.17067013680934907,"w":0.7544676065444946},"size":4.045205116271973,"orthographic":false}