{"cameraMode":{"drawMode":0,"name":"Shaded","section":"Shading Mode"},"sceneLighting":false,"audioPlay":false,"sceneViewState":{"showFog":true,"showMaterialUpdate":true,"showSkybox":false,"showFlares":true,"showImageEffects":true,"showParticleSystems":true},"in2DMode":false,"pivot":{"x":0.25999975204467776,"y":0.2799999713897705,"z":-3.4600000381469728},"rotation":{"x":0.1183415874838829,"y":-0.11294274777173996,"z":0.01354957465082407,"w":0.9864358305931091},"size":3.7427592277526857,"orthographic":false}