{"cameraMode":{"drawMode":0,"name":"Shaded","section":"Shading Mode"},"sceneLighting":false,"audioPlay":false,"sceneViewState":{"showFog":false,"showMaterialUpdate":false,"showSkybox":false,"showFlares":false,"showImageEffects":false,"showParticleSystems":false},"in2DMode":false,"pivot":{"x":5.042953014373779,"y":-1.018669605255127,"z":4.768191814422607},"rotation":{"x":-0.6529519557952881,"y":-0.0801679864525795,"z":0.06980352103710175,"w":-0.7499029040336609},"size":4.869357109069824,"orthographic":false}