{"cameraMode":{"drawMode":0,"name":"Shaded","section":"Shading Mode"},"sceneLighting":false,"audioPlay":false,"sceneViewState":{"showFog":false,"showMaterialUpdate":false,"showSkybox":false,"showFlares":false,"showImageEffects":false,"showParticleSystems":false},"in2DMode":false,"pivot":{"x":-0.2849836051464081,"y":1.21999990940094,"z":-4.441092014312744},"rotation":{"x":-0.33763328194618227,"y":0.16953697800636292,"z":-0.06196233630180359,"w":-0.923808217048645},"size":15.873971939086914,"orthographic":false}