{"cameraMode":{"drawMode":0,"name":"Shaded","section":"Shading Mode"},"sceneLighting":false,"audioPlay":false,"sceneViewState":{"showFog":false,"showMaterialUpdate":false,"showSkybox":false,"showFlares":false,"showImageEffects":false,"showParticleSystems":false},"in2DMode":false,"pivot":{"x":5.829999923706055,"y":1.0119460821151734,"z":-4.189995765686035},"rotation":{"x":0.6974936723709106,"y":-0.0021497607231140138,"z":0.0020924874115735294,"w":0.7165846824645996},"size":2.89266037940979,"orthographic":false}