{"cameraMode":{"drawMode":0,"name":"Shaded","section":"Shading Mode"},"sceneLighting":false,"audioPlay":false,"sceneViewState":{"showFog":false,"showMaterialUpdate":false,"showSkybox":false,"showFlares":false,"showImageEffects":false,"showParticleSystems":false},"in2DMode":false,"pivot":{"x":6.621243476867676,"y":1.4521212577819825,"z":1.6222844123840333},"rotation":{"x":0.6159918308258057,"y":0.02008153684437275,"z":-0.015711212530732156,"w":0.7873398065567017},"size":0.44920051097869875,"orthographic":false}