{"cameraMode":{"drawMode":0,"name":"Shaded","section":"Shading Mode"},"sceneLighting":false,"audioPlay":false,"sceneViewState":{"showFog":false,"showMaterialUpdate":false,"showSkybox":false,"showFlares":false,"showImageEffects":false,"showParticleSystems":false},"in2DMode":false,"pivot":{"x":15.0,"y":1.0119460821151734,"z":1.0000041723251343},"rotation":{"x":0.696420431137085,"y":0.001076452317647636,"z":-0.0010446388041600586,"w":0.7176324725151062},"size":2.5926613807678224,"orthographic":false}