{"cameraMode":{"drawMode":0,"name":"Shaded","section":"Shading Mode"},"sceneLighting":false,"audioPlay":false,"sceneViewState":{"showFog":false,"showMaterialUpdate":false,"showSkybox":false,"showFlares":false,"showImageEffects":false,"showParticleSystems":false},"in2DMode":false,"pivot":{"x":4.437318801879883,"y":-0.7511491775512695,"z":2.7112131118774416},"rotation":{"x":0.00614993367344141,"y":0.9701600074768066,"z":0.024744456633925439,"w":-0.24112136662006379},"size":5.623507022857666,"orthographic":false}